100,Williams,Liam,1985-09-15,Masters of Science in Computer Science
101,Johnson,Olivia,1994-07-21,PhD in Linguistics
102,Smith,Noah,1988-03-10,Masters of Business Administration
103,Brown,Emma,1979-12-05,Masters of Science in Electrical Engineering
104,Jones,Lucas,1998-11-18,PhD in Psychology
105,Garcia,Ava,1982-06-25,Masters of Arts in History
106,Miller,Mia,1996-02-09,Masters of Science in Biology
107,Davis,Ethan,1989-10-31,PhD in Economics
108,Rodriguez,Isabella,1977-08-14,Masters of Fine Arts in Creative Writing
109,Martinez,Oliver,2000-04-02,PhD in Chemistry
110,Hernandez,Sophia,1993-01-28,Masters of Education
111,Lopez,Aiden,1987-09-23,PhD in Political Science
112,Gonzalez,Amelia,1975-07-17,Masters of Science in Environmental Science
113,Wilson,Liam,1981-05-10,Masters of Social Work
114,Anderson,Harper,1997-02-03,PhD in Astrophysics
115,Thomas,Evelyn,1984-11-27,Masters of Public Health
116,Taylor,Elijah,1995-10-20,PhD in Philosophy
117,Lee,Charlotte,1986-08-13,Masters of Architecture
118,Harris,Michael,1978-06-06,PhD in History
119,Martin,Abigail,1992-03-30,Masters of Science in Nursing
120,Clark,Samuel,1980-01-23,PhD in Mathematics
121,Rodriguez,Sofia,1973-11-16,Masters of Social Science
122,Lewis,Evelyn,1989-09-09,PhD in Linguistics
123,Lee,Liam,1999-07-03,Masters of Science in Computer Science
124,Walker,Avery,1982-04-27,PhD in Environmental Science
125,Hall,Grace,1991-02-19,Masters of Business Administration
126,Allen,James,1976-12-14,PhD in Psychology
127,Young,Scarlett,1987-10-08,Masters of Arts in Economics
128,Hernandez,Zoe,1993-07-02,PhD in Creative Writing
129,King,Daniel,1985-04-25,Masters of Science in Chemistry
130,Wright,Chloe,1997-01-18,PhD in Education
131,Ward,Jackson,1981-11-11,Masters of Political Science
132,Mitchell,Victoria,1979-09-05,PhD in Biology
133,Adams,Leo,1995-06-29,Masters of Fine Arts in Visual Arts
134,Turner,Naomi,1984-03-23,PhD in Sociology
135,Perez,Lucas,1972-12-17,Masters of Science in Physics
136,Martinez,Grace,1988-10-11,PhD in Anthropology
137,Smith,Aria,2000-08-05,Masters of Public Administration
138,Gonzalez,Julian,1992-05-28,PhD in Literature
139,Campbell,Layla,1986-03-22,Masters of Music
140,Miller,Adam,1974-01-15,PhD in Economics
141,Harris,Stella,1998-11-08,Masters of Science in Environmental Science
142,Martin,Aiden,1980-08-02,PhD in Computer Science
143,Thompson,Ava,1994-05-26,Masters of Education
144,Young,Liam,1982-03-20,PhD in Political Science
145,Walker,Lily,1996-01-13,Masters of Architecture
146,White,Lincoln,1977-11-06,PhD in History
147,Moore,Aria,1989-08-30,Masters of Social Work
148,Thomas,Ethan,1971-06-23,PhD in Mathematics
149,Wright,Ella,1991-04-16,Masters of Science in Nursing
150,Turner,Eli,2001-02-09,PhD in Philosophy
151,Scott,Chloe,1983-12-04,Masters of Science in Computer Science
152,Harris,Evelyn,1999-09-28,PhD in Environmental Science
153,Clark,Owen,1985-07-22,Masters of Business Administration
154,King,Ellie,1993-05-15,PhD in Psychology
155,Williams,William,1975-03-09,Masters of Arts in Economics
156,Garcia,Victoria,1988-12-02,PhD in Creative Writing
157,Lopez,Ella,1980-09-26,Masters of Science in Chemistry
158,Adams,Nathan,1996-07-20,PhD in Education
159,Hall,Sophia,1982-05-13,Masters of Political Science
160,Perez,Lucas,1970-03-06,PhD in Biology
161,Anderson,Lily,1984-12-30,Masters of Fine Arts in Visual Arts
162,Ward,Avery,1992-10-23,PhD in Sociology
163,Brown,Scarlett,1986-08-17,Masters of Science in Physics
164,Miller,Lincoln,1998-06-10,PhD in Anthropology
165,Moore,Eva,1981-04-03,Masters of Public Administration
166,Garcia,James,1995-01-28,PhD in Literature
167,Johnson,Layla,1977-11-21,Masters of Music
168,Smith,Oliver,1989-09-14,PhD in Economics
169,Wilson,Ava,1973-07-08,Masters of Science in Environmental Science
170,Thomas,Emma,1991-05-02,PhD in Computer Science
171,Martin,Max,1983-02-24,Masters of Education
172,Turner,Sofia,1997-12-18,PhD in Political Science
173,Jackson,Liam,1985-10-12,Masters of Architecture
174,Lee,Aria,1980-08-06,PhD in History
175,Harris,Jack,1994-05-31,Masters of Social Work
176,Walker,Nora,1976-03-24,PhD in Mathematics
177,White,Zoe,1988-01-17,Masters of Science in Nursing
178,Thompson,Emma,2000-11-10,PhD in Philosophy
179,Clark,Eli,1992-09-03,Masters of Science in Computer Science
180,King,Samuel,1978-06-27,PhD in Environmental Science
181,Miller,Liam,1982-04-15,PhD in Psychology
182,Johnson,Ava,1998-01-29,Masters of Business Administration
183,Williams,Oliver,1986-09-12,PhD in Literature
184,Anderson,Isabella,2001-06-05,Masters of Fine Arts in Music
185,Brown,Noah,1974-03-18,PhD in Chemistry
186,Davis,Sophia,1989-12-09,Masters of Public Health
187,Smith,Ethan,1995-10-21,PhD in Economics
188,Jones,Emily,1980-08-14,Masters of Education
189,Moore,Liam,2003-05-27,PhD in Linguistics
190,Miller,Emma,1991-02-19,Masters of Science in Engineering
191,Johnson,Aiden,1977-11-01,PhD in Sociology
192,Williams,Olivia,1984-09-23,Masters of Music
193,Anderson,William,1996-07-16,PhD in Physics
194,Brown,Ava,1979-04-28,Masters of Business Administration
195,Davis,Noah,2005-02-11,PhD in Political Science
196,Smith,Sofia,1983-12-14,Masters of Science in Environmental Science
197,Jones,Lucas,1997-10-06,PhD in Computer Science
198,Moore,Isabella,1981-07-18,Masters of Education
199,Miller,Jack,1988-05-31,PhD in Mathematics
200,Johnson,Ella,1992-03-24,Masters of Science in Nursing
201,Williams,Liam,1976-01-17,PhD in History
202,Anderson,Samuel,1994-11-10,Masters of Social Work
203,Brown,Charlotte,2000-09-03,PhD in Philosophy
204,Davis,Oliver,1985-06-27,Masters of Science in Computer Science
205,Smith,Grace,1978-04-21,PhD in Environmental Science
206,Jones,Michael,1989-02-13,Masters of Science in Engineering
207,Moore,Sophia,1993-12-06,PhD in Psychology
208,Miller,Ethan,1998-09-30,Masters of Business Administration
209,Johnson,Emily,1982-07-24,PhD in Literature
210,Williams,William,2001-05-16,Masters of Fine Arts in Music
211,Anderson,Aria,1977-03-08,PhD in Chemistry
212,Brown,James,1986-01-01,Masters of Public Health
213,Davis,Chloe,1995-10-25,PhD in Economics
214,Smith,Daniel,1979-08-17,Masters of Education
215,Jones,Ava,2003-06-10,PhD in Linguistics
216,Moore,Noah,1984-04-03,Masters of Science in Environmental Science
217,Miller,Emma,1997-01-27,PhD in Computer Science
218,Johnson,Lucas,1980-12-20,Masters of Music
219,Williams,Sofia,1989-10-12,PhD in Physics
220,Anderson,Oliver,1992-08-04,Masters of Business Administration
221,Brown,Isabella,1976-06-27,PhD in Political Science
222,Davis,Liam,1994-04-21,Masters of Science in Nursing
223,Smith,Ella,2000-02-13,PhD in Mathematics
224,Jones,Noah,1985-11-05,Masters of Education
225,Moore,Charlotte,1988-09-28,PhD in History
226,Miller,Jack,1996-07-21,Masters of Social Work
227,Johnson,Emily,1979-05-13,PhD in Philosophy
228,Williams,Liam,1982-03-06,Masters of Science in Computer Science
229,Anderson,Samuel,1998-12-28,PhD in Environmental Science
230,Brown,Aria,1986-10-20,Masters of Science in Engineering
231,Davis,Oliver,1991-08-11,PhD in Psychology
232,Smith,Grace,2005-06-03,Masters of Business Administration
233,Jones,Michael,1974-04-25,PhD in Literature
234,Moore,Sophia,1990-02-17,Masters of Fine Arts in Music
235,Miller,Ethan,2001-12-09,PhD in Chemistry
236,Johnson,Emily,1983-09-02,Masters of Public Health
237,Williams,William,1997-06-25,PhD in Economics
238,Anderson,Ava,1989-04-18,Masters of Education
239,Brown,James,2003-02-10,PhD in Linguistics
240,Davis,Chloe,1978-12-03,Masters of Science in Environmental Science
257,Smith,Daniel,1984-10-15,PhD in Computer Science
258,Jones,Ava,1996-08-06,Masters of Music
259,Moore,Noah,1981-05-29,PhD in Physics
260,Miller,Emma,1990-03-21,Masters of Business Administration
261,Johnson,Liam,2002-12-14,PhD in Political Science
262,Williams,Olivia,1975-10-06,Masters of Science in Nursing
263,Anderson,Noah,1989-07-28,PhD in Mathematics
264,Brown,Isabella,1994-04-21,Masters of Education
265,Davis,Ethan,1978-01-13,PhD in History
266,Smith,Lila,1998-11-04,Masters of Social Work
267,Jones,William,1983-08-27,PhD in Environmental Science
268,Moore,Charlotte,2005-06-20,Masters of Science in Computer Science
269,Miller,James,1997-04-12,PhD in Psychology
270,Johnson,Sofia,1980-01-05,Masters of Science in Engineering
271,Williams,Ethan,1993-10-28,PhD in Literature
272,Anderson,Ava,1986-09-20,Masters of Fine Arts in Music
273,Brown,Liam,2000-07-11,PhD in Chemistry
274,Davis,Olivia,1988-05-02,Masters of Public Health
275,Smith,Ella,1992-02-24,PhD in Economics
276,Jones,Michael,1976-12-17,Masters of Education
277,Moore,Sophia,1999-10-09,PhD in Linguistics
278,Miller,Noah,1985-07-02,Masters of Science in Environmental Science
279,Johnson,Liam,1990-04-25,PhD in Computer Science
280,Williams,Emma,2003-02-17,Masters of Music
281,Anderson,Lucas,1996-12-09,PhD in Physics
282,Brown,Ava,1979-10-02,Masters of Business Administration
283,Davis,Oliver,1991-08-26,PhD in Political Science
284,Smith,Isabella,1984-06-19,Masters of Science in Nursing
285,Jones,Ethan,1998-04-11,PhD in Mathematics
286,Moore,Charlotte,1982-02-03,Masters of Education
287,Miller,James,2004-12-27,PhD in History
288,Johnson,Emily,1993-10-19,Masters of Social Work
289,Williams,William,1977-08-11,PhD in Environmental Science
290,Anderson,Sofia,1990-06-02,Masters of Science in Computer Science
291,Brown,Lucas,2001-03-25,PhD in Psychology
292,Davis,Ava,1986-01-16,Masters of Science in Engineering
293,Smith,Noah,1997-11-09,PhD in Literature
294,Jones,Emma,1983-09-01,Masters of Fine Arts in Music
295,Moore,Liam,2005-06-24,PhD in Chemistry
296,Miller,Olivia,1999-04-15,Masters of Public Health
297,Johnson,Ethan,1974-02-08,PhD in Economics
298,Williams,Sophia,1989-12-01,Masters of Education
299,Anderson,William,1991-09-24,PhD in Linguistics
300,Brown,Isabella,2002-07-17,Masters of Science in Environmental Science
301,Davis,Liam,1994-05-10,PhD in Computer Science
302,Smith,Ella,1978-03-03,Masters of Music
303,Jones,Oliver,1980-11-24,PhD in Physics
304,Moore,Emma,2001-09-16,Masters of Business Administration
305,Miller,Ava,1993-07-09,PhD in Political Science
306,Johnson,Lucas,1987-05-02,Masters of Science in Nursing
307,Williams,Noah,1995-02-24,PhD in Mathematics
308,Anderson,Sofia,1981-12-18,Masters of Education
309,Brown,Michael,2002-10-10,PhD in History
310,Davis,Lila,1997-08-03,Masters of Social Work
311,Smith,James,1984-06-25,PhD in Environmental Science
312,Jones,Emily,1990-04-17,Masters of Science in Computer Science
313,Moore,Ava,2004-02-09,PhD in Psychology
314,Miller,Liam,1996-12-02,Masters of Science in Engineering
315,Johnson,Olivia,1982-09-25,PhD in Literature
316,Williams,Ethan,1975-07-19,Masters of Fine Arts in Music
317,Anderson,Sophia,1999-05-12,PhD in Chemistry
318,Brown,Noah,1989-03-04,Masters of Public Health
319,Davis,Emma,1991-01-26,PhD in Economics
320,Smith,William,1977-11-19,Masters of Education
